Section,Number,Title,Link,Timestamp
종합,1,"""오늘 입장 발표 없다""…계엄 혼란 사과없는 윤 대통령",https://news.nate.com/view/20241205n10199?mid=n1006,2024-12-05 03:18:26
종합,2,"한동훈 ""尹 탄핵안 통과되지 않게 노력…대통령 탈당해야""(종합)",https://news.nate.com/view/20241205n09568?mid=n1006,2024-12-05 03:18:26
종합,3,"윤 대통령, 오늘 추가 입장 없을 듯…일각선 ""국정 정상화 조치"" 해명...",https://news.nate.com/view/20241205n04463?mid=n1006,2024-12-05 03:18:26
종합,4,"[속보] 한동훈 ""尹대통령 탄핵안 통과되지 않도록 노력하겠다""",https://news.nate.com/view/20241205n06814?mid=n1006,2024-12-05 03:18:26
종합,5,"[단독] ""확 계엄해 버릴까"" 尹, 평소에도 종종 얘기했다",https://news.nate.com/view/20241205n01758?mid=n1006,2024-12-05 03:18:26
경제,1,"""푸바오는 정상""…中 판다 기지가 공개한 최신 영상 보니 [영상]",https://news.nate.com/view/20241205n03553?mid=n1006,2024-12-05 03:18:27
경제,2,"""여보, 우리 딸 어떡해""…유학 보낸 학부모 '피가 마른다' [종합]",https://news.nate.com/view/20241205n02170?mid=n1006,2024-12-05 03:18:27
경제,3,[속보] 비트코인 사상 최초 10만달러 돌파,https://news.nate.com/view/20241205n16300?mid=n1006,2024-12-05 03:18:27
경제,4,[단독] 통굽 슬리퍼도 안된다…인천공항 이젠 신발 벗고 보안검사,https://news.nate.com/view/20241205n01754?mid=n1006,2024-12-05 03:18:27
경제,5,[단독] 계엄 보름 전 은행에 발송된 '수상한 공문'…시민단체 인적사항...,https://news.nate.com/view/20241204n37499?mid=n1006,2024-12-05 03:18:27
IT,1,"""콜라 마시면 이 썩어"" 입증한 한국 연구진, 이번엔 예방법 내놨다",https://news.nate.com/view/20241205n06944?mid=n1006,2024-12-05 03:18:28
IT,2,"[단독] SK브로드밴드, AI 데이터센터 사업부 신설…3개 사업부 체제...",https://news.nate.com/view/20241205n11434?mid=n1006,2024-12-05 03:18:28
IT,3,"유상임 과기정통부 장관, 비상계엄 전 국무회의 불참한 듯",https://news.nate.com/view/20241205n14657?mid=n1006,2024-12-05 03:18:28
IT,4,"국내 OTT '티빙'도 숏폼 합류…""고객 니즈 충족할까""",https://news.nate.com/view/20241205n12410?mid=n1006,2024-12-05 03:18:28
IT,5,"비상계엄에 과기계도 분노…과기연전노조 ""하야하거나, 탄핵하라""",https://news.nate.com/view/20241204n35141?mid=n1006,2024-12-05 03:18:28
세계,1,"美국무부 부장관, 비상계엄 사태에 ""尹대통령, 심한 오판""(종합)",https://news.nate.com/view/20241205n05884?mid=n1006,2024-12-05 03:18:29
세계,2,"""굴욕적으로 끝난 셀프 쿠데타"" ""광주 5·18 악몽 떠올리게 해""",https://news.nate.com/view/20241205n01345?mid=n1006,2024-12-05 03:18:29
세계,3,"""한국 미쳤다, 계엄 2시간만에…"" 해외서도 감탄한 이 장면",https://news.nate.com/view/20241205n10257?mid=n1006,2024-12-05 03:18:29
세계,4,목욕 하다가 '으악'…여성 몸에서 나온 10m짜리 기생충,https://news.nate.com/view/20241205n00011?mid=n1006,2024-12-05 03:18:29
세계,5,"미 최대 보험사 CEO 맨해튼 한복판서 피살…""남편 협박 많이 받아""",https://news.nate.com/view/20241205n06686?mid=n1006,2024-12-05 03:18:29
